# Generated species derive their names from here

HUM1 = {
	alabama =  { name = "Alabama"  plural = "Alabama"  home_planet = "Alabama"  home_system = "Alabama"  name_list = HUM1 }
	alaska =  { name = "Alaska"  plural = "Alaska"  home_planet = "Alaska"  home_system = "Alaska"  name_list = HUM1 }
	arizona =  { name = "Arizona"  plural = "Arizona"  home_planet = "Arizona"  home_system = "Arizona"  name_list = HUM1 }
	arkansas =  { name = "Arkansas"  plural = "Arkansas"  home_planet = "Arkansas"  home_system = "Arkansas"  name_list = HUM1 }
	california =  { name = "California"  plural = "California"  home_planet = "California"  home_system = "California"  name_list = HUM1 }
	colorado =  { name = "Colorado"  plural = "Colorado"  home_planet = "Colorado"  home_system = "Colorado"  name_list = HUM1 }
	connecticut =  { name = "Connecticut"  plural = "Connecticut"  home_planet = "Connecticut"  home_system = "Connecticut"  name_list = HUM1 }
	delaware =  { name = "Delaware"  plural = "Delaware"  home_planet = "Delaware"  home_system = "Delaware"  name_list = HUM1 }
	florida =  { name = "Florida"  plural = "Florida"  home_planet = "Florida"  home_system = "Florida"  name_list = HUM1 }
	georgia =  { name = "Georgia"  plural = "Georgia"  home_planet = "Georgia"  home_system = "Georgia"  name_list = HUM1 }
	hawaii =  { name = "Hawaii"  plural = "Hawaii"  home_planet = "Hawaii"  home_system = "Hawaii"  name_list = HUM1 }
	idaho =  { name = "Idaho"  plural = "Idaho"  home_planet = "Idaho"  home_system = "Idaho"  name_list = HUM1 }
	illinois =  { name = "Illinois"  plural = "Illinois"  home_planet = "Illinois"  home_system = "Illinois"  name_list = HUM1 }
	indiana =  { name = "Indiana"  plural = "Indiana"  home_planet = "Indiana"  home_system = "Indiana"  name_list = HUM1 }
	iowa =  { name = "Iowa"  plural = "Iowa"  home_planet = "Iowa"  home_system = "Iowa"  name_list = HUM1 }
	kansas =  { name = "Kansas"  plural = "Kansas"  home_planet = "Kansas"  home_system = "Kansas"  name_list = HUM1 }
	kentucky =  { name = "Kentucky"  plural = "Kentucky"  home_planet = "Kentucky"  home_system = "Kentucky"  name_list = HUM1 }
	louisiana =  { name = "Louisiana"  plural = "Louisiana"  home_planet = "Louisiana"  home_system = "Louisiana"  name_list = HUM1 }
	maine =  { name = "Maine"  plural = "Maine"  home_planet = "Maine"  home_system = "Maine"  name_list = HUM1 }
	maryland =  { name = "Maryland"  plural = "Maryland"  home_planet = "Maryland"  home_system = "Maryland"  name_list = HUM1 }
	massachusetts =  { name = "Massachusetts"  plural = "Massachusetts"  home_planet = "Massachusetts"  home_system = "Massachusetts"  name_list = HUM1 }
	michigan =  { name = "Michigan"  plural = "Michigan"  home_planet = "Michigan"  home_system = "Michigan"  name_list = HUM1 }
	minnesota =  { name = "Minnesota"  plural = "Minnesota"  home_planet = "Minnesota"  home_system = "Minnesota"  name_list = HUM1 }
	mississippi =  { name = "Mississippi"  plural = "Mississippi"  home_planet = "Mississippi"  home_system = "Mississippi"  name_list = HUM1 }
	missouri =  { name = "Missouri"  plural = "Missouri"  home_planet = "Missouri"  home_system = "Missouri"  name_list = HUM1 }
	montana =  { name = "Montana"  plural = "Montana"  home_planet = "Montana"  home_system = "Montana"  name_list = HUM1 }
	nebraska =  { name = "Nebraska"  plural = "Nebraska"  home_planet = "Nebraska"  home_system = "Nebraska"  name_list = HUM1 }
	nevada =  { name = "Nevada"  plural = "Nevada"  home_planet = "Nevada"  home_system = "Nevada"  name_list = HUM1 }
	hampshire =  { name = "Hampshire"  plural = "Hampshire"  home_planet = "Hampshire"  home_system = "Hampshire"  name_list = HUM1 }
	jersey =  { name = "Jersey"  plural = "Jersey"  home_planet = "Jersey"  home_system = "Jersey"  name_list = HUM1 }
	mexico =  { name = "Mexico"  plural = "Mexico"  home_planet = "Mexico"  home_system = "Mexico"  name_list = HUM1 }
	york =  { name = "York"  plural = "York"  home_planet = "York"  home_system = "York"  name_list = HUM1 }
	carolina =  { name = "Carolina"  plural = "Carolina"  home_planet = "Carolina"  home_system = "Carolina"  name_list = HUM1 }
	dakota =  { name = "Dakota"  plural = "Dakota"  home_planet = "Dakota"  home_system = "Dakota"  name_list = HUM1 }
	ohio =  { name = "Ohio"  plural = "Ohio"  home_planet = "Ohio"  home_system = "Ohio"  name_list = HUM1 }
	oklahoma =  { name = "Oklahoma"  plural = "Oklahoma"  home_planet = "Oklahoma"  home_system = "Oklahoma"  name_list = HUM1 }
	oregon =  { name = "Oregon"  plural = "Oregon"  home_planet = "Oregon"  home_system = "Oregon"  name_list = HUM1 }
	pennsylvania =  { name = "Pennsylvania"  plural = "Pennsylvania"  home_planet = "Pennsylvania"  home_system = "Pennsylvania"  name_list = HUM1 }
	rhode =  { name = "Rhode"  plural = "Rhode"  home_planet = "Rhode"  home_system = "Rhode"  name_list = HUM1 }
	tennessee =  { name = "Tennessee"  plural = "Tennessee"  home_planet = "Tennessee"  home_system = "Tennessee"  name_list = HUM1 }
	texas =  { name = "Texas"  plural = "Texas"  home_planet = "Texas"  home_system = "Texas"  name_list = HUM1 }
	utah =  { name = "Utah"  plural = "Utah"  home_planet = "Utah"  home_system = "Utah"  name_list = HUM1 }
	vermont =  { name = "Vermont"  plural = "Vermont"  home_planet = "Vermont"  home_system = "Vermont"  name_list = HUM1 }
	virginia =  { name = "Virginia"  plural = "Virginia"  home_planet = "Virginia"  home_system = "Virginia"  name_list = HUM1 }
	washington =  { name = "Washington"  plural = "Washington"  home_planet = "Washington"  home_system = "Washington"  name_list = HUM1 }
	wisconsin =  { name = "Wisconsin"  plural = "Wisconsin"  home_planet = "Wisconsin"  home_system = "Wisconsin"  name_list = HUM1 }
	wyoming =  { name = "Wyoming"  plural = "Wyoming"  home_planet = "Wyoming"  home_system = "Wyoming"  name_list = HUM1 }
}
	
HUM2 = {
	achang =  { name = "Achang"  plural = "Achang"  home_planet = "Achang"  home_system = "Achang"  name_list = HUM2 }
	bai =  { name = "Bai"  plural = "Bai"  home_planet = "Bai"  home_system = "Bai"  name_list = HUM2 }
	blang =  { name = "Blang"  plural = "Blang"  home_planet = "Blang"  home_system = "Blang"  name_list = HUM2 }
	bonan =  { name = "Bonan"  plural = "Bonan"  home_planet = "Bonan"  home_system = "Bonan"  name_list = HUM2 }
	bouyei =  { name = "Bouyei"  plural = "Bouyei"  home_planet = "Bouyei"  home_system = "Bouyei"  name_list = HUM2 }
	chosen =  { name = "Chosen"  plural = "Chosen"  home_planet = "Chosen"  home_system = "Chosen"  name_list = HUM2 }
	dai =  { name = "Dai"  plural = "Dai"  home_planet = "Dai"  home_system = "Dai"  name_list = HUM2 }
	daur =  { name = "Daur"  plural = "Daur"  home_planet = "Daur"  home_system = "Daur"  name_list = HUM2 }
	deang =  { name = "Deang"  plural = "Deang"  home_planet = "Deang"  home_system = "Deang"  name_list = HUM2 }
	derung =  { name = "Derung"  plural = "Derung"  home_planet = "Derung"  home_system = "Derung"  name_list = HUM2 }
	dong =  { name = "Dong"  plural = "Dong"  home_planet = "Dong"  home_system = "Dong"  name_list = HUM2 }
	dongxiang =  { name = "Dongxiang"  plural = "Dongxiang"  home_planet = "Dongxiang"  home_system = "Dongxiang"  name_list = HUM2 }
	gaoshan =  { name = "Gaoshan"  plural = "Gaoshan"  home_planet = "Gaoshan"  home_system = "Gaoshan"  name_list = HUM2 }
	gelao =  { name = "Gelao"  plural = "Gelao"  home_planet = "Gelao"  home_system = "Gelao"  name_list = HUM2 }
	gin =  { name = "Gin"  plural = "Gin"  home_planet = "Gin"  home_system = "Gin"  name_list = HUM2 }
	han =  { name = "Han"  plural = "Han"  home_planet = "Han"  home_system = "Han"  name_list = HUM2 }
	hani =  { name = "Hani"  plural = "Hani"  home_planet = "Hani"  home_system = "Hani"  name_list = HUM2 }
	hezhen =  { name = "Hezhen"  plural = "Hezhen"  home_planet = "Hezhen"  home_system = "Hezhen"  name_list = HUM2 }
	hmong =  { name = "Hmong"  plural = "Hmong"  home_planet = "Hmong"  home_system = "Hmong"  name_list = HUM2 }
	hui =  { name = "Hui"  plural = "Hui"  home_planet = "Hui"  home_system = "Hui"  name_list = HUM2 }
	jingpo =  { name = "Jingpo"  plural = "Jingpo"  home_planet = "Jingpo"  home_system = "Jingpo"  name_list = HUM2 }
	jino =  { name = "Jino"  plural = "Jino"  home_planet = "Jino"  home_system = "Jino"  name_list = HUM2 }
	lahu =  { name = "Lahu"  plural = "Lahu"  home_planet = "Lahu"  home_system = "Lahu"  name_list = HUM2 }
	lhoba =  { name = "Lhoba"  plural = "Lhoba"  home_planet = "Lhoba"  home_system = "Lhoba"  name_list = HUM2 }
	li =  { name = "Li"  plural = "Li"  home_planet = "Li"  home_system = "Li"  name_list = HUM2 }
	lisu =  { name = "Lisu"  plural = "Lisu"  home_planet = "Lisu"  home_system = "Lisu"  name_list = HUM2 }
	man =  { name = "Man"  plural = "Man"  home_planet = "Man"  home_system = "Man"  name_list = HUM2 }
	maonan =  { name = "Maonan"  plural = "Maonan"  home_planet = "Maonan"  home_system = "Maonan"  name_list = HUM2 }
	monba =  { name = "Monba"  plural = "Monba"  home_planet = "Monba"  home_system = "Monba"  name_list = HUM2 }
	mongol =  { name = "Mongol"  plural = "Mongol"  home_planet = "Mongol"  home_system = "Mongol"  name_list = HUM2 }
	mulao =  { name = "Mulao"  plural = "Mulao"  home_planet = "Mulao"  home_system = "Mulao"  name_list = HUM2 }
	naxi =  { name = "Naxi"  plural = "Naxi"  home_planet = "Naxi"  home_system = "Naxi"  name_list = HUM2 }
	nu =  { name = "Nu"  plural = "Nu"  home_planet = "Nu"  home_system = "Nu"  name_list = HUM2 }
	oroqen =  { name = "Oroqen"  plural = "Oroqen"  home_planet = "Oroqen"  home_system = "Oroqen"  name_list = HUM2 }
	pumi =  { name = "Pumi"  plural = "Pumi"  home_planet = "Pumi"  home_system = "Pumi"  name_list = HUM2 }
	qiang =  { name = "Qiang"  plural = "Qiang"  home_planet = "Qiang"  home_system = "Qiang"  name_list = HUM2 }
	salar =  { name = "Salar"  plural = "Salar"  home_planet = "Salar"  home_system = "Salar"  name_list = HUM2 }
	she =  { name = "She"  plural = "She"  home_planet = "She"  home_system = "She"  name_list = HUM2 }
	sui =  { name = "Sui"  plural = "Sui"  home_planet = "Sui"  home_system = "Sui"  name_list = HUM2 }
	tu =  { name = "Tu"  plural = "Tu"  home_planet = "Tu"  home_system = "Tu"  name_list = HUM2 }
	tujia =  { name = "Tujia"  plural = "Tujia"  home_planet = "Tujia"  home_system = "Tujia"  name_list = HUM2 }
	uyghur =  { name = "Uyghur"  plural = "Uyghur"  home_planet = "Uyghur"  home_system = "Uyghur"  name_list = HUM2 }
	wa =  { name = "Wa"  plural = "Wa"  home_planet = "Wa"  home_system = "Wa"  name_list = HUM2 }
	xibe =  { name = "Xibe"  plural = "Xibe"  home_planet = "Xibe"  home_system = "Xibe"  name_list = HUM2 }
	yao =  { name = "Yao"  plural = "Yao"  home_planet = "Yao"  home_system = "Yao"  name_list = HUM2 }
	yi =  { name = "Yi"  plural = "Yi"  home_planet = "Yi"  home_system = "Yi"  name_list = HUM2 }
	zang =  { name = "Zang"  plural = "Zang"  home_planet = "Zang"  home_system = "Zang"  name_list = HUM2 }
	zhuang =  { name = "Zhuang"  plural = "Zhuang"  home_planet = "Zhuang"  home_system = "Zhuang"  name_list = HUM2 }
}
	
HUM3 = {
	abbas =  { name = "Abbas"  plural = "Abbas"  home_planet = "Abbas"  home_system = "Abbas"  name_list = HUM3 }
	abdshams =  { name = "Abd-Shams"  plural = "Abd-Shams"  home_planet = "Abd-Shams"  home_system = "Abd-Shams"  name_list = HUM3 }
	abdulqays =  { name = "Abdul Qays"  plural = "Abdul Qays"  home_planet = "Abdul Qays"  home_system = "Abdul Qays"  name_list = HUM3 }
	abs =  { name = "Abs"  plural = "Abs"  home_planet = "Abs"  home_system = "Abs"  name_list = HUM3 }
	ad =  { name = "'ad"  plural = "'ad"  home_planet = "'ad"  home_system = "'ad"  name_list = HUM3 }
	adi =  { name = "Adi"  plural = "Adi"  home_planet = "Adi"  home_system = "Adi"  name_list = HUM3 }
	ajlan =  { name = "Ajlan"  plural = "Ajlan"  home_planet = "Ajlan"  home_system = "Ajlan"  name_list = HUM3 }
	ajman =  { name = "Ajman"  plural = "Ajman"  home_planet = "Ajman"  home_system = "Ajman"  name_list = HUM3 }
	albalawi =  { name = "Al balawi"  plural = "Al balawi"  home_planet = "Al balawi"  home_system = "Al balawi"  name_list = HUM3 }
	albuainain =  { name = "Al Buainain"  plural = "Al Buainain"  home_planet = "Al Buainain"  home_system = "Al Buainain"  name_list = HUM3 }
	almahri =  { name = "Al Mahri"  plural = "Al Mahri"  home_planet = "Al Mahri"  home_system = "Al Mahri"  name_list = HUM3 }
	almanaseer =  { name = "Al Manaseer"  plural = "Al Manaseer"  home_planet = "Al Manaseer"  home_system = "Al Manaseer"  name_list = HUM3 }
	alnuaim =  { name = "Al Nuaim"  plural = "Al Nuaim"  home_planet = "Al Nuaim"  home_system = "Al Nuaim"  name_list = HUM3 }
	alrashd =  { name = "Al Rashd"  plural = "Al Rashd"  home_planet = "Al Rashd"  home_system = "Al Rashd"  name_list = HUM3 }
	alawazem =  { name = "Al-Awazem"  plural = "Al-Awazem"  home_planet = "Al-Awazem"  home_system = "Al-Awazem"  name_list = HUM3 }
	albaggara =  { name = "Al-Baggara"  plural = "Al-Baggara"  home_planet = "Al-Baggara"  home_system = "Al-Baggara"  name_list = HUM3 }
	aldawasir =  { name = "Al-Dawasir"  plural = "Al-Dawasir"  home_planet = "Al-Dawasir"  home_system = "Al-Dawasir"  name_list = HUM3 }
	aldhafeer =  { name = "Al-Dhafeer"  plural = "Al-Dhafeer"  home_planet = "Al-Dhafeer"  home_system = "Al-Dhafeer"  name_list = HUM3 }
	alfarahidi =  { name = "Al-Farahidi"  plural = "Al-Farahidi"  home_planet = "Al-Farahidi"  home_system = "Al-Farahidi"  name_list = HUM3 }
	algain =  { name = "Al-Gain"  plural = "Al-Gain"  home_planet = "Al-Gain"  home_system = "Al-Gain"  name_list = HUM3 }
	alhawajir =  { name = "Al-Hawajir"  plural = "Al-Hawajir"  home_planet = "Al-Hawajir"  home_system = "Al-Hawajir"  name_list = HUM3 }
	alhobaishi =  { name = "Al-Hobaishi"  plural = "Al-Hobaishi"  home_planet = "Al-Hobaishi"  home_system = "Al-Hobaishi"  name_list = HUM3 }
	ali =  { name = "Ali"  plural = "Ali"  home_planet = "Ali"  home_system = "Ali"  name_list = HUM3 }
	aljaaliyin =  { name = "Al-Ja'aliyin"  plural = "Al-Ja'aliyin"  home_planet = "Al-Ja'aliyin"  home_system = "Al-Ja'aliyin"  name_list = HUM3 }
	aljaidi =  { name = "Al-Jaidi"  plural = "Al-Jaidi"  home_planet = "Al-Jaidi"  home_system = "Al-Jaidi"  name_list = HUM3 }
	aljiburi =  { name = "Al-Jiburi"  plural = "Al-Jiburi"  home_planet = "Al-Jiburi"  home_system = "Al-Jiburi"  name_list = HUM3 }
	alkarim =  { name = "Al-Karim"  plural = "Al-Karim"  home_planet = "Al-Karim"  home_system = "Al-Karim"  name_list = HUM3 }
	alkhalifa =  { name = "Al-Khalifa"  plural = "Al-Khalifa"  home_planet = "Al-Khalifa"  home_system = "Al-Khalifa"  name_list = HUM3 }
	alkhalili =  { name = "Al-Khalili"  plural = "Al-Khalili"  home_planet = "Al-Khalili"  home_system = "Al-Khalili"  name_list = HUM3 }
	alkharusi =  { name = "Al-Kharusi"  plural = "Al-Kharusi"  home_planet = "Al-Kharusi"  home_system = "Al-Kharusi"  name_list = HUM3 }
	almaadeed =  { name = "Al-Maadeed"  plural = "Al-Maadeed"  home_planet = "Al-Maadeed"  home_system = "Al-Maadeed"  name_list = HUM3 }
	almurrah =  { name = "Al-Murrah"  plural = "Al-Murrah"  home_planet = "Al-Murrah"  home_system = "Al-Murrah"  name_list = HUM3 }
	alnabhani =  { name = "Al-Nabhani"  plural = "Al-Nabhani"  home_planet = "Al-Nabhani"  home_system = "Al-Nabhani"  name_list = HUM3 }
	alnoman =  { name = "Al-Noman"  plural = "Al-Noman"  home_planet = "Al-Noman"  home_system = "Al-Noman"  name_list = HUM3 }
	alotaibi =  { name = "Al-Otaibi"  plural = "Al-Otaibi"  home_planet = "Al-Otaibi"  home_system = "Al-Otaibi"  name_list = HUM3 }
	alsaeed =  { name = "Al-Saeed"  plural = "Al-Saeed"  home_planet = "Al-Saeed"  home_system = "Al-Saeed"  name_list = HUM3 }
	alsahali =  { name = "Al-Sahali"  plural = "Al-Sahali"  home_planet = "Al-Sahali"  home_system = "Al-Sahali"  name_list = HUM3 }
	alsalti =  { name = "Al-Salti"  plural = "Al-Salti"  home_planet = "Al-Salti"  home_system = "Al-Salti"  name_list = HUM3 }
	alshabeeb =  { name = "Al-Shabeeb"  plural = "Al-Shabeeb"  home_planet = "Al-Shabeeb"  home_system = "Al-Shabeeb"  name_list = HUM3 }
	alsubaie =  { name = "Al-Subaie"  plural = "Al-Subaie"  home_planet = "Al-Subaie"  home_system = "Al-Subaie"  name_list = HUM3 }
	alsuwaidi =  { name = "Al-Suwaidi"  plural = "Al-Suwaidi"  home_planet = "Al-Suwaidi"  home_system = "Al-Suwaidi"  name_list = HUM3 }
	altuhar =  { name = "Al-tuhar"  plural = "Al-tuhar"  home_planet = "Al-tuhar"  home_system = "Al-tuhar"  name_list = HUM3 }
	alubayd =  { name = "Al-'Ubayd"  plural = "Al-'Ubayd"  home_planet = "Al-'Ubayd"  home_system = "Al-'Ubayd"  name_list = HUM3 }
	amir =  { name = "Amir"  plural = "Amir"  home_planet = "Amir"  home_system = "Amir"  name_list = HUM3 }
	amr =  { name = "Amr"  plural = "Amr"  home_planet = "Amr"  home_system = "Amr"  name_list = HUM3 }
	anazah =  { name = "Anazah"  plural = "Anazah"  home_planet = "Anazah"  home_system = "Anazah"  name_list = HUM3 }
	aqeel =  { name = "Aqeel"  plural = "Aqeel"  home_planet = "Aqeel"  home_system = "Aqeel"  name_list = HUM3 }
	asad =  { name = "Asad"  plural = "Asad"  home_planet = "Asad"  home_system = "Asad"  name_list = HUM3 }
	asir =  { name = "Asir"  plural = "Asir"  home_planet = "Asir"  home_system = "Asir"  name_list = HUM3 }
	atiyah =  { name = "Atiyah"  plural = "Atiyah"  home_planet = "Atiyah"  home_system = "Atiyah"  name_list = HUM3 }
	aus =  { name = "Aus"  plural = "Aus"  home_planet = "Aus"  home_system = "Aus"  name_list = HUM3 }
	awf =  { name = "Awf"  plural = "Awf"  home_planet = "Awf"  home_system = "Awf"  name_list = HUM3 }
	azd =  { name = "Azd"  plural = "Azd"  home_planet = "Azd"  home_system = "Azd"  name_list = HUM3 }
	baamukhtar =  { name = "Baa Mukhtar"  plural = "Baa Mukhtar"  home_planet = "Baa Mukhtar"  home_system = "Baa Mukhtar"  name_list = HUM3 }
	bahila =  { name = "Bahila"  plural = "Bahila"  home_planet = "Bahila"  home_system = "Bahila"  name_list = HUM3 }
	bahr =  { name = "Bahr"  plural = "Bahr"  home_planet = "Bahr"  home_system = "Bahr"  name_list = HUM3 }
	balhareth =  { name = "Balhareth"  plural = "Balhareth"  home_planet = "Balhareth"  home_system = "Balhareth"  name_list = HUM3 }
	bali =  { name = "Bali"  plural = "Bali"  home_planet = "Bali"  home_system = "Bali"  name_list = HUM3 }
	bariq =  { name = "Bariq"  plural = "Bariq"  home_planet = "Bariq"  home_system = "Bariq"  name_list = HUM3 }
	binghaith =  { name = "Bin Ghaith"  plural = "Bin Ghaith"  home_planet = "Bin Ghaith"  home_system = "Bin Ghaith"  name_list = HUM3 }
	darod =  { name = "Darod"  plural = "Darod"  home_planet = "Darod"  home_system = "Darod"  name_list = HUM3 }
	dhubyan =  { name = "Dhubyan"  plural = "Dhubyan"  home_planet = "Dhubyan"  home_system = "Dhubyan"  name_list = HUM3 }
	elmahroky =  { name = "El Mahroky"  plural = "El Mahroky"  home_planet = "El Mahroky"  home_system = "El Mahroky"  name_list = HUM3 }
	faham =  { name = "Faham"  plural = "Faham"  home_planet = "Faham"  home_system = "Faham"  name_list = HUM3 }
	fazara =  { name = "Fazara"  plural = "Fazara"  home_planet = "Fazara"  home_system = "Fazara"  name_list = HUM3 }
	gashaam =  { name = "Gashaam"  plural = "Gashaam"  home_planet = "Gashaam"  home_system = "Gashaam"  name_list = HUM3 }
	ghamid =  { name = "Ghamid"  plural = "Ghamid"  home_planet = "Ghamid"  home_system = "Ghamid"  name_list = HUM3 }
	ghaniya =  { name = "Ghaniya"  plural = "Ghaniya"  home_planet = "Ghaniya"  home_system = "Ghaniya"  name_list = HUM3 }
	ghassan =  { name = "Ghassan"  plural = "Ghassan"  home_planet = "Ghassan"  home_system = "Ghassan"  name_list = HUM3 }
	ghatafan =  { name = "Ghatafan"  plural = "Ghatafan"  home_planet = "Ghatafan"  home_system = "Ghatafan"  name_list = HUM3 }
	ghazan =  { name = "Ghazan"  plural = "Ghazan"  home_planet = "Ghazan"  home_system = "Ghazan"  name_list = HUM3 }
	ghifar =  { name = "Ghifar"  plural = "Ghifar"  home_planet = "Ghifar"  home_system = "Ghifar"  name_list = HUM3 }
	hakami =  { name = "Hakami"  plural = "Hakami"  home_planet = "Hakami"  home_system = "Hakami"  name_list = HUM3 }
	hakli =  { name = "Hakli"  plural = "Hakli"  home_planet = "Hakli"  home_system = "Hakli"  name_list = HUM3 }
	hamida =  { name = "Hamida"  plural = "Hamida"  home_planet = "Hamida"  home_system = "Hamida"  name_list = HUM3 }
	hammyar =  { name = "Hammyar"  plural = "Hammyar"  home_planet = "Hammyar"  home_system = "Hammyar"  name_list = HUM3 }
	harb =  { name = "Harb"  plural = "Harb"  home_planet = "Harb"  home_system = "Harb"  name_list = HUM3 }
	harith =  { name = "Harith"  plural = "Harith"  home_planet = "Harith"  home_system = "Harith"  name_list = HUM3 }
	hashim =  { name = "Hashim"  plural = "Hashim"  home_planet = "Hashim"  home_system = "Hashim"  name_list = HUM3 }
	hilal =  { name = "Hilal"  plural = "Hilal"  home_planet = "Hilal"  home_system = "Hilal"  name_list = HUM3 }
	hothail =  { name = "Hothail"  plural = "Hothail"  home_planet = "Hothail"  home_system = "Hothail"  name_list = HUM3 }
	humaydah =  { name = "Humaydah"  plural = "Humaydah"  home_planet = "Humaydah"  home_system = "Humaydah"  name_list = HUM3 }
	irirsamali =  { name = "Irir Samali"  plural = "Irir Samali"  home_planet = "Irir Samali"  home_system = "Irir Samali"  name_list = HUM3 }
	jabar =  { name = "Jabar"  plural = "Jabar"  home_planet = "Jabar"  home_system = "Jabar"  name_list = HUM3 }
	jalaf =  { name = "Jalaf"  plural = "Jalaf"  home_planet = "Jalaf"  home_system = "Jalaf"  name_list = HUM3 }
	judham =  { name = "Judham"  plural = "Judham"  home_planet = "Judham"  home_system = "Judham"  name_list = HUM3 }
	juhaynah =  { name = "Juhaynah"  plural = "Juhaynah"  home_planet = "Juhaynah"  home_system = "Juhaynah"  name_list = HUM3 }
	jumah =  { name = "Jumah"  plural = "Jumah"  home_planet = "Jumah"  home_system = "Jumah"  name_list = HUM3 }
	jusham =  { name = "Jusham"  plural = "Jusham"  home_planet = "Jusham"  home_system = "Jusham"  name_list = HUM3 }
	kaab =  { name = "Kaab"  plural = "Kaab"  home_planet = "Kaab"  home_system = "Kaab"  name_list = HUM3 }
	kalb =  { name = "Kalb"  plural = "Kalb"  home_planet = "Kalb"  home_system = "Kalb"  name_list = HUM3 }
	kanz =  { name = "Kanz"  plural = "Kanz"  home_planet = "Kanz"  home_system = "Kanz"  name_list = HUM3 }
	kathiri =  { name = "Kathiri"  plural = "Kathiri"  home_planet = "Kathiri"  home_system = "Kathiri"  name_list = HUM3 }
	kendah =  { name = "Kendah"  plural = "Kendah"  home_planet = "Kendah"  home_system = "Kendah"  name_list = HUM3 }
	khalid =  { name = "Khalid"  plural = "Khalid"  home_planet = "Khalid"  home_system = "Khalid"  name_list = HUM3 }
	khasham =  { name = "Khash'am"  plural = "Khash'am"  home_planet = "Khash'am"  home_system = "Khash'am"  name_list = HUM3 }
	khawaja =  { name = "Khawaja"  plural = "Khawaja"  home_planet = "Khawaja"  home_system = "Khawaja"  name_list = HUM3 }
	khawlan =  { name = "Khawlan"  plural = "Khawlan"  home_planet = "Khawlan"  home_system = "Khawlan"  name_list = HUM3 }
	khazraj =  { name = "Khazraj"  plural = "Khazraj"  home_planet = "Khazraj"  home_system = "Khazraj"  name_list = HUM3 }
	khuzaa =  { name = "Khuza'a"  plural = "Khuza'a"  home_planet = "Khuza'a"  home_system = "Khuza'a"  name_list = HUM3 }
	kinanah =  { name = "Kinanah"  plural = "Kinanah"  home_planet = "Kinanah"  home_system = "Kinanah"  name_list = HUM3 }
	lakhm =  { name = "Lakhm"  plural = "Lakhm"  home_planet = "Lakhm"  home_system = "Lakhm"  name_list = HUM3 }
	makhzum =  { name = "Makhzum"  plural = "Makhzum"  home_planet = "Makhzum"  home_system = "Makhzum"  name_list = HUM3 }
	malik =  { name = "Malik"  plural = "Malik"  home_planet = "Malik"  home_system = "Malik"  name_list = HUM3 }
	maqil =  { name = "Maqil"  plural = "Maqil"  home_planet = "Maqil"  home_system = "Maqil"  name_list = HUM3 }
	mehri =  { name = "Mehri"  plural = "Mehri"  home_planet = "Mehri"  home_system = "Mehri"  name_list = HUM3 }
	mustafa =  { name = "Mustafa"  plural = "Mustafa"  home_planet = "Mustafa"  home_system = "Mustafa"  name_list = HUM3 }
	mustaliq =  { name = "Mustaliq"  plural = "Mustaliq"  home_planet = "Mustaliq"  home_system = "Mustaliq"  name_list = HUM3 }
	mutayr =  { name = "Mutayr"  plural = "Mutayr"  home_planet = "Mutayr"  home_system = "Mutayr"  name_list = HUM3 }
	muttalib =  { name = "Muttalib"  plural = "Muttalib"  home_planet = "Muttalib"  home_system = "Muttalib"  name_list = HUM3 }
	nabataeans =  { name = "Nabataeans"  plural = "Nabataeans"  home_planet = "Nabataeans"  home_system = "Nabataeans"  name_list = HUM3 }
	nadir =  { name = "Nadir"  plural = "Nadir"  home_planet = "Nadir"  home_system = "Nadir"  name_list = HUM3 }
	najjar =  { name = "Najjar"  plural = "Najjar"  home_planet = "Najjar"  home_system = "Najjar"  name_list = HUM3 }
	nawfal =  { name = "Nawfal"  plural = "Nawfal"  home_planet = "Nawfal"  home_system = "Nawfal"  name_list = HUM3 }
	qahtan =  { name = "Qahtan"  plural = "Qahtan"  home_planet = "Qahtan"  home_system = "Qahtan"  name_list = HUM3 }
	qaynuqa =  { name = "Qaynuqa"  plural = "Qaynuqa"  home_planet = "Qaynuqa"  home_system = "Qaynuqa"  name_list = HUM3 }
	qays =  { name = "Qays"  plural = "Qays"  home_planet = "Qays"  home_system = "Qays"  name_list = HUM3 }
	qedarites =  { name = "Qedarites"  plural = "Qedarites"  home_planet = "Qedarites"  home_system = "Qedarites"  name_list = HUM3 }
	qudaa =  { name = "Quda'a"  plural = "Quda'a"  home_planet = "Quda'a"  home_system = "Quda'a"  name_list = HUM3 }
	quraysh =  { name = "Quraysh"  plural = "Quraysh"  home_planet = "Quraysh"  home_system = "Quraysh"  name_list = HUM3 }
	qurayza =  { name = "Qurayza"  plural = "Qurayza"  home_planet = "Qurayza"  home_system = "Qurayza"  name_list = HUM3 }
	rabiah =  { name = "Rabi'ah"  plural = "Rabi'ah"  home_planet = "Rabi'ah"  home_system = "Rabi'ah"  name_list = HUM3 }
	rasheed =  { name = "Rasheed"  plural = "Rasheed"  home_planet = "Rasheed"  home_system = "Rasheed"  name_list = HUM3 }
	saba =  { name = "Saba'"  plural = "Saba'"  home_planet = "Saba'"  home_system = "Saba'"  name_list = HUM3 }
	sahm =  { name = "Sahm"  plural = "Sahm"  home_planet = "Sahm"  home_system = "Sahm"  name_list = HUM3 }
	saida =  { name = "Sa'ida"  plural = "Sa'ida"  home_planet = "Sa'ida"  home_system = "Sa'ida"  name_list = HUM3 }
	salama =  { name = "Salama"  plural = "Salama"  home_planet = "Salama"  home_system = "Salama"  name_list = HUM3 }
	sayyid =  { name = "Sayyid"  plural = "Sayyid"  home_planet = "Sayyid"  home_system = "Sayyid"  name_list = HUM3 }
	shahran =  { name = "Shahran"  plural = "Shahran"  home_planet = "Shahran"  home_system = "Shahran"  name_list = HUM3 }
	shammar =  { name = "Shammar"  plural = "Shammar"  home_planet = "Shammar"  home_system = "Shammar"  name_list = HUM3 }
	shehr =  { name = "Shehr"  plural = "Shehr"  home_planet = "Shehr"  home_system = "Shehr"  name_list = HUM3 }
	shuraif =  { name = "Shuraif"  plural = "Shuraif"  home_planet = "Shuraif"  home_system = "Shuraif"  name_list = HUM3 }
	shurman =  { name = "Shurman'"  plural = "Shurman'"  home_planet = "Shurman'"  home_system = "Shurman'"  name_list = HUM3 }
	shutayba =  { name = "Shutayba"  plural = "Shutayba"  home_planet = "Shutayba"  home_system = "Shutayba"  name_list = HUM3 }
	sowaileh =  { name = "Sowaileh"  plural = "Sowaileh"  home_planet = "Sowaileh"  home_system = "Sowaileh"  name_list = HUM3 }
	subay =  { name = "Subay'"  plural = "Subay'"  home_planet = "Subay'"  home_system = "Subay'"  name_list = HUM3 }
	sulaym =  { name = "Sulaym"  plural = "Sulaym"  home_planet = "Sulaym"  home_system = "Sulaym"  name_list = HUM3 }
	taghlib =  { name = "Taghlib"  plural = "Taghlib"  home_planet = "Taghlib"  home_system = "Taghlib"  name_list = HUM3 }
	tamim =  { name = "Tamim"  plural = "Tamim"  home_planet = "Tamim"  home_system = "Tamim"  name_list = HUM3 }
	taym =  { name = "Taym"  plural = "Taym"  home_planet = "Taym"  home_system = "Taym"  name_list = HUM3 }
	thamud =  { name = "Thamud"  plural = "Thamud"  home_planet = "Thamud"  home_system = "Thamud"  name_list = HUM3 }
	udhrah =  { name = "Udhrah"  plural = "Udhrah"  home_planet = "Udhrah"  home_system = "Udhrah"  name_list = HUM3 }
	umayyah =  { name = "Umayyah"  plural = "Umayyah"  home_planet = "Umayyah"  home_system = "Umayyah"  name_list = HUM3 }
	utaybah =  { name = "Utaybah"  plural = "Utaybah"  home_planet = "Utaybah"  home_system = "Utaybah"  name_list = HUM3 }
	utbah =  { name = "Utbah"  plural = "Utbah"  home_planet = "Utbah"  home_system = "Utbah"  name_list = HUM3 }
	yafa =  { name = "Yafa"  plural = "Yafa"  home_planet = "Yafa"  home_system = "Yafa"  name_list = HUM3 }
	yam =  { name = "Yam"  plural = "Yam"  home_planet = "Yam"  home_system = "Yam"  name_list = HUM3 }
	zahra =  { name = "Zahra"  plural = "Zahra"  home_planet = "Zahra"  home_system = "Zahra"  name_list = HUM3 }
	zahran =  { name = "Zahran"  plural = "Zahran"  home_planet = "Zahran"  home_system = "Zahran"  name_list = HUM3 }
	zayd =  { name = "Zayd"  plural = "Zayd"  home_planet = "Zayd"  home_system = "Zayd"  name_list = HUM3 }
	zuhrah =  { name = "Zuhrah"  plural = "Zuhrah"  home_planet = "Zuhrah"  home_system = "Zuhrah"  name_list = HUM3 }
}
	
HUM4 = {
	adogii =  { name = "adogii"  plural = "adogii"  home_planet = "adogii"  home_system = "adogii"  name_list = HUM4 }
	adogit =  { name = "Adogit"  plural = "Adogit"  home_planet = "Adogit"  home_system = "Adogit"  name_list = HUM4 }
	aelvaeones =  { name = "Aelvaeones"  plural = "Aelvaeones"  home_planet = "Aelvaeones"  home_system = "Aelvaeones"  name_list = HUM4 }
	aeragnaricii =  { name = "Aeragnaricii"  plural = "Aeragnaricii"  home_planet = "Aeragnaricii"  home_system = "Aeragnaricii"  name_list = HUM4 }
	ahelmil =  { name = "Ahelmil"  plural = "Ahelmil"  home_planet = "Ahelmil"  home_system = "Ahelmil"  name_list = HUM4 }
	alemanni =  { name = "Alemanni"  plural = "Alemanni"  home_planet = "Alemanni"  home_system = "Alemanni"  name_list = HUM4 }
	ambrones =  { name = "Ambrones"  plural = "Ambrones"  home_planet = "Ambrones"  home_system = "Ambrones"  name_list = HUM4 }
	ampsivarii =  { name = "Ampsivarii"  plural = "Ampsivarii"  home_planet = "Ampsivarii"  home_system = "Ampsivarii"  name_list = HUM4 }
	angles =  { name = "Angles"  plural = "Angles"  home_planet = "Angles"  home_system = "Angles"  name_list = HUM4 }
	angrivarii =  { name = "Angrivarii"  plural = "Angrivarii"  home_planet = "Angrivarii"  home_system = "Angrivarii"  name_list = HUM4 }
	arochi =  { name = "Arochi"  plural = "Arochi"  home_planet = "Arochi"  home_system = "Arochi"  name_list = HUM4 }
	atuatuci =  { name = "Atuatuci"  plural = "Atuatuci"  home_planet = "Atuatuci"  home_system = "Atuatuci"  name_list = HUM4 }
	augandzi =  { name = "Augandzi"  plural = "Augandzi"  home_planet = "Augandzi"  home_system = "Augandzi"  name_list = HUM4 }
	avarpi =  { name = "Avarpi"  plural = "Avarpi"  home_planet = "Avarpi"  home_system = "Avarpi"  name_list = HUM4 }
	aviones =  { name = "Aviones"  plural = "Aviones"  home_planet = "Aviones"  home_system = "Aviones"  name_list = HUM4 }
	baemi =  { name = "Baemi"  plural = "Baemi"  home_planet = "Baemi"  home_system = "Baemi"  name_list = HUM4 }
	baetasi =  { name = "Baetasi"  plural = "Baetasi"  home_planet = "Baetasi"  home_system = "Baetasi"  name_list = HUM4 }
	banochaemae =  { name = "Banochaemae"  plural = "Banochaemae"  home_planet = "Banochaemae"  home_system = "Banochaemae"  name_list = HUM4 }
	bastarnae =  { name = "Bastarnae"  plural = "Bastarnae"  home_planet = "Bastarnae"  home_system = "Bastarnae"  name_list = HUM4 }
	batavi =  { name = "Batavi"  plural = "Batavi"  home_planet = "Batavi"  home_system = "Batavi"  name_list = HUM4 }
	batini =  { name = "Batini"  plural = "Batini"  home_planet = "Batini"  home_system = "Batini"  name_list = HUM4 }
	bavarii =  { name = "Bavarii"  plural = "Bavarii"  home_planet = "Bavarii"  home_system = "Bavarii"  name_list = HUM4 }
	bergio =  { name = "Bergio"  plural = "Bergio"  home_planet = "Bergio"  home_system = "Bergio"  name_list = HUM4 }
	brisgavi =  { name = "Brisgavi"  plural = "Brisgavi"  home_planet = "Brisgavi"  home_system = "Brisgavi"  name_list = HUM4 }
	brondings =  { name = "Brondings"  plural = "Brondings"  home_planet = "Brondings"  home_system = "Brondings"  name_list = HUM4 }
	bructeri =  { name = "Bructeri"  plural = "Bructeri"  home_planet = "Bructeri"  home_system = "Bructeri"  name_list = HUM4 }
	burgundiones =  { name = "Burgundiones"  plural = "Burgundiones"  home_planet = "Burgundiones"  home_system = "Burgundiones"  name_list = HUM4 }
	buri =  { name = "Buri"  plural = "Buri"  home_planet = "Buri"  home_system = "Buri"  name_list = HUM4 }
	caeroesi =  { name = "Caeroesi"  plural = "Caeroesi"  home_planet = "Caeroesi"  home_system = "Caeroesi"  name_list = HUM4 }
	calucones =  { name = "Calucones"  plural = "Calucones"  home_planet = "Calucones"  home_system = "Calucones"  name_list = HUM4 }
	canninefates =  { name = "Canninefates"  plural = "Canninefates"  home_planet = "Canninefates"  home_system = "Canninefates"  name_list = HUM4 }
	caritni =  { name = "Caritni"  plural = "Caritni"  home_planet = "Caritni"  home_system = "Caritni"  name_list = HUM4 }
	casuari =  { name = "Casuari"  plural = "Casuari"  home_planet = "Casuari"  home_system = "Casuari"  name_list = HUM4 }
	chaedini =  { name = "Chaedini"  plural = "Chaedini"  home_planet = "Chaedini"  home_system = "Chaedini"  name_list = HUM4 }
	chaemae =  { name = "Chaemae"  plural = "Chaemae"  home_planet = "Chaemae"  home_system = "Chaemae"  name_list = HUM4 }
	chaetuori =  { name = "Chaetuori"  plural = "Chaetuori"  home_planet = "Chaetuori"  home_system = "Chaetuori"  name_list = HUM4 }
	chali =  { name = "Chali"  plural = "Chali"  home_planet = "Chali"  home_system = "Chali"  name_list = HUM4 }
	chamavi =  { name = "Chamavi"  plural = "Chamavi"  home_planet = "Chamavi"  home_system = "Chamavi"  name_list = HUM4 }
	charudes =  { name = "Charudes"  plural = "Charudes"  home_planet = "Charudes"  home_system = "Charudes"  name_list = HUM4 }
	chasuarii =  { name = "Chasuarii"  plural = "Chasuarii"  home_planet = "Chasuarii"  home_system = "Chasuarii"  name_list = HUM4 }
	chatti =  { name = "Chatti"  plural = "Chatti"  home_planet = "Chatti"  home_system = "Chatti"  name_list = HUM4 }
	chattuarii =  { name = "Chattuarii"  plural = "Chattuarii"  home_planet = "Chattuarii"  home_system = "Chattuarii"  name_list = HUM4 }
	chauci =  { name = "Chauci"  plural = "Chauci"  home_planet = "Chauci"  home_system = "Chauci"  name_list = HUM4 }
	cherusci =  { name = "Cherusci"  plural = "Cherusci"  home_planet = "Cherusci"  home_system = "Cherusci"  name_list = HUM4 }
	cimbri =  { name = "Cimbri"  plural = "Cimbri"  home_planet = "Cimbri"  home_system = "Cimbri"  name_list = HUM4 }
	cobandi =  { name = "Cobandi"  plural = "Cobandi"  home_planet = "Cobandi"  home_system = "Cobandi"  name_list = HUM4 }
	condrusi =  { name = "Condrusi"  plural = "Condrusi"  home_planet = "Condrusi"  home_system = "Condrusi"  name_list = HUM4 }
	corconti =  { name = "Corconti"  plural = "Corconti"  home_planet = "Corconti"  home_system = "Corconti"  name_list = HUM4 }
	cugerni =  { name = "Cugerni"  plural = "Cugerni"  home_planet = "Cugerni"  home_system = "Cugerni"  name_list = HUM4 }
	curiones =  { name = "Curiones"  plural = "Curiones"  home_planet = "Curiones"  home_system = "Curiones"  name_list = HUM4 }
	danduti =  { name = "Danduti"  plural = "Danduti"  home_planet = "Danduti"  home_system = "Danduti"  name_list = HUM4 }
	dani =  { name = "Dani"  plural = "Dani"  home_planet = "Dani"  home_system = "Dani"  name_list = HUM4 }
	dauciones =  { name = "Dauciones"  plural = "Dauciones"  home_planet = "Dauciones"  home_system = "Dauciones"  name_list = HUM4 }
	diduni =  { name = "Diduni"  plural = "Diduni"  home_planet = "Diduni"  home_system = "Diduni"  name_list = HUM4 }
	dulgubnii =  { name = "Dulgubnii"  plural = "Dulgubnii"  home_planet = "Dulgubnii"  home_system = "Dulgubnii"  name_list = HUM4 }
	eburones =  { name = "Eburones"  plural = "Eburones"  home_planet = "Eburones"  home_system = "Eburones"  name_list = HUM4 }
	eudoses =  { name = "Eudoses"  plural = "Eudoses"  home_planet = "Eudoses"  home_system = "Eudoses"  name_list = HUM4 }
	eunixi =  { name = "Eunixi"  plural = "Eunixi"  home_planet = "Eunixi"  home_system = "Eunixi"  name_list = HUM4 }
	evagres =  { name = "Evagres"  plural = "Evagres"  home_planet = "Evagres"  home_system = "Evagres"  name_list = HUM4 }
	favonae =  { name = "Favonae"  plural = "Favonae"  home_planet = "Favonae"  home_system = "Favonae"  name_list = HUM4 }
	fervir =  { name = "Fervir"  plural = "Fervir"  home_planet = "Fervir"  home_system = "Fervir"  name_list = HUM4 }
	firaesi =  { name = "Firaesi"  plural = "Firaesi"  home_planet = "Firaesi"  home_system = "Firaesi"  name_list = HUM4 }
	fosii =  { name = "Fosii"  plural = "Fosii"  home_planet = "Fosii"  home_system = "Fosii"  name_list = HUM4 }
	frisiavones =  { name = "Frisiavones"  plural = "Frisiavones"  home_planet = "Frisiavones"  home_system = "Frisiavones"  name_list = HUM4 }
	frisii =  { name = "Frisii"  plural = "Frisii"  home_planet = "Frisii"  home_system = "Frisii"  name_list = HUM4 }
	fundusi =  { name = "Fundusi"  plural = "Fundusi"  home_planet = "Fundusi"  home_system = "Fundusi"  name_list = HUM4 }
	gambrivii =  { name = "Gambrivii"  plural = "Gambrivii"  home_planet = "Gambrivii"  home_system = "Gambrivii"  name_list = HUM4 }
	geats =  { name = "Geats"  plural = "Geats"  home_planet = "Geats"  home_system = "Geats"  name_list = HUM4 }
	gepidae =  { name = "Gepidae"  plural = "Gepidae"  home_planet = "Gepidae"  home_system = "Gepidae"  name_list = HUM4 }
	goths =  { name = "Goths"  plural = "Goths"  home_planet = "Goths"  home_system = "Goths"  name_list = HUM4 }
	grannii =  { name = "Grannii"  plural = "Grannii"  home_planet = "Grannii"  home_system = "Grannii"  name_list = HUM4 }
	greuthungi =  { name = "Greuthungi"  plural = "Greuthungi"  home_planet = "Greuthungi"  home_system = "Greuthungi"  name_list = HUM4 }
	gutes =  { name = "Gutes"  plural = "Gutes"  home_planet = "Gutes"  home_system = "Gutes"  name_list = HUM4 }
	hallin =  { name = "Hallin"  plural = "Hallin"  home_planet = "Hallin"  home_system = "Hallin"  name_list = HUM4 }
	hálogi =  { name = "Hálogi"  plural = "Hálogi"  home_planet = "Hálogi"  home_system = "Hálogi"  name_list = HUM4 }
	harii =  { name = "Harii"  plural = "Harii"  home_planet = "Harii"  home_system = "Harii"  name_list = HUM4 }
	hasdingi =  { name = "Hasdingi"  plural = "Hasdingi"  home_planet = "Hasdingi"  home_system = "Hasdingi"  name_list = HUM4 }
	helisii =  { name = "Helisii"  plural = "Helisii"  home_planet = "Helisii"  home_system = "Helisii"  name_list = HUM4 }
	helveconae =  { name = "Helveconae"  plural = "Helveconae"  home_planet = "Helveconae"  home_system = "Helveconae"  name_list = HUM4 }
	hermunduri =  { name = "Hermunduri"  plural = "Hermunduri"  home_planet = "Hermunduri"  home_system = "Hermunduri"  name_list = HUM4 }
	heruli =  { name = "Heruli"  plural = "Heruli"  home_planet = "Heruli"  home_system = "Heruli"  name_list = HUM4 }
	hilleviones =  { name = "Hilleviones"  plural = "Hilleviones"  home_planet = "Hilleviones"  home_system = "Hilleviones"  name_list = HUM4 }
	ingriones =  { name = "Ingriones"  plural = "Ingriones"  home_planet = "Ingriones"  home_system = "Ingriones"  name_list = HUM4 }
	ingvaeones =  { name = "Ingvaeones"  plural = "Ingvaeones"  home_planet = "Ingvaeones"  home_system = "Ingvaeones"  name_list = HUM4 }
	intuergi =  { name = "Intuergi"  plural = "Intuergi"  home_planet = "Intuergi"  home_system = "Intuergi"  name_list = HUM4 }
	irminones =  { name = "Irminones"  plural = "Irminones"  home_planet = "Irminones"  home_system = "Irminones"  name_list = HUM4 }
	istvaeones =  { name = "Istvaeones"  plural = "Istvaeones"  home_planet = "Istvaeones"  home_system = "Istvaeones"  name_list = HUM4 }
	jutes =  { name = "Jutes"  plural = "Jutes"  home_planet = "Jutes"  home_system = "Jutes"  name_list = HUM4 }
	juthungi =  { name = "Juthungi"  plural = "Juthungi"  home_planet = "Juthungi"  home_system = "Juthungi"  name_list = HUM4 }
	lacringi =  { name = "Lacringi"  plural = "Lacringi"  home_planet = "Lacringi"  home_system = "Lacringi"  name_list = HUM4 }
	landi =  { name = "Landi"  plural = "Landi"  home_planet = "Landi"  home_system = "Landi"  name_list = HUM4 }
	langobardes =  { name = "Langobardes"  plural = "Langobardes"  home_planet = "Langobardes"  home_system = "Langobardes"  name_list = HUM4 }
	lemovii =  { name = "Lemovii"  plural = "Lemovii"  home_planet = "Lemovii"  home_system = "Lemovii"  name_list = HUM4 }
	lentieneses =  { name = "Lentieneses"  plural = "Lentieneses"  home_planet = "Lentieneses"  home_system = "Lentieneses"  name_list = HUM4 }
	levoni =  { name = "Levoni"  plural = "Levoni"  home_planet = "Levoni"  home_system = "Levoni"  name_list = HUM4 }
	liothida =  { name = "Liothida"  plural = "Liothida"  home_planet = "Liothida"  home_system = "Liothida"  name_list = HUM4 }
	lugii =  { name = "Lugii"  plural = "Lugii"  home_planet = "Lugii"  home_system = "Lugii"  name_list = HUM4 }
	manimi =  { name = "Manimi"  plural = "Manimi"  home_planet = "Manimi"  home_system = "Manimi"  name_list = HUM4 }
	naharvali =  { name = "Naharvali"  plural = "Naharvali"  home_planet = "Naharvali"  home_system = "Naharvali"  name_list = HUM4 }
	naristae =  { name = "Naristae"  plural = "Naristae"  home_planet = "Naristae"  home_system = "Naristae"  name_list = HUM4 }
	ostrogoths =  { name = "Ostrogoths"  plural = "Ostrogoths"  home_planet = "Ostrogoths"  home_system = "Ostrogoths"  name_list = HUM4 }
	otingis =  { name = "Otingis"  plural = "Otingis"  home_planet = "Otingis"  home_system = "Otingis"  name_list = HUM4 }
	paemani =  { name = "Paemani"  plural = "Paemani"  home_planet = "Paemani"  home_system = "Paemani"  name_list = HUM4 }
	pharodini =  { name = "Pharodini"  plural = "Pharodini"  home_planet = "Pharodini"  home_system = "Pharodini"  name_list = HUM4 }
	quadi =  { name = "Quadi"  plural = "Quadi"  home_planet = "Quadi"  home_system = "Quadi"  name_list = HUM4 }
	racatae =  { name = "Racatae"  plural = "Racatae"  home_planet = "Racatae"  home_system = "Racatae"  name_list = HUM4 }
	raetovari =  { name = "Raetovari"  plural = "Raetovari"  home_planet = "Raetovari"  home_system = "Raetovari"  name_list = HUM4 }
	sabalingi =  { name = "Sabalingi"  plural = "Sabalingi"  home_planet = "Sabalingi"  home_system = "Sabalingi"  name_list = HUM4 }
	saxones =  { name = "Saxones"  plural = "Saxones"  home_planet = "Saxones"  home_system = "Saxones"  name_list = HUM4 }
	scirii =  { name = "Scirii"  plural = "Scirii"  home_planet = "Scirii"  home_system = "Scirii"  name_list = HUM4 }
	segni =  { name = "Segni"  plural = "Segni"  home_planet = "Segni"  home_system = "Segni"  name_list = HUM4 }
	semnones =  { name = "Semnones"  plural = "Semnones"  home_planet = "Semnones"  home_system = "Semnones"  name_list = HUM4 }
	silingi =  { name = "Silingi"  plural = "Silingi"  home_planet = "Silingi"  home_system = "Silingi"  name_list = HUM4 }
	suarini =  { name = "Suarini"  plural = "Suarini"  home_planet = "Suarini"  home_system = "Suarini"  name_list = HUM4 }
	suebi =  { name = "Suebi"  plural = "Suebi"  home_planet = "Suebi"  home_system = "Suebi"  name_list = HUM4 }
	sugambri =  { name = "Sugambri"  plural = "Sugambri"  home_planet = "Sugambri"  home_system = "Sugambri"  name_list = HUM4 }
	taetel =  { name = "Taetel"  plural = "Taetel"  home_planet = "Taetel"  home_system = "Taetel"  name_list = HUM4 }
	ubii =  { name = "Ubii"  plural = "Ubii"  home_planet = "Ubii"  home_system = "Ubii"  name_list = HUM4 }
	ulmerugi =  { name = "Ulmerugi"  plural = "Ulmerugi"  home_planet = "Ulmerugi"  home_system = "Ulmerugi"  name_list = HUM4 }
	usipetes =  { name = "Usipetes"  plural = "Usipetes"  home_planet = "Usipetes"  home_system = "Usipetes"  name_list = HUM4 }
	vagoth =  { name = "Vagoth"  plural = "Vagoth"  home_planet = "Vagoth"  home_system = "Vagoth"  name_list = HUM4 }
	vandals =  { name = "Vandals"  plural = "Vandals"  home_planet = "Vandals"  home_system = "Vandals"  name_list = HUM4 }
	vangiones =  { name = "Vangiones"  plural = "Vangiones"  home_planet = "Vangiones"  home_system = "Vangiones"  name_list = HUM4 }
	varini =  { name = "Varini"  plural = "Varini"  home_planet = "Varini"  home_system = "Varini"  name_list = HUM4 }
	varisci =  { name = "Varisci"  plural = "Varisci"  home_planet = "Varisci"  home_system = "Varisci"  name_list = HUM4 }
	vidivarii =  { name = "Vidivarii"  plural = "Vidivarii"  home_planet = "Vidivarii"  home_system = "Vidivarii"  name_list = HUM4 }
	vinoviloth =  { name = "Vinoviloth"  plural = "Vinoviloth"  home_planet = "Vinoviloth"  home_system = "Vinoviloth"  name_list = HUM4 }
	viruni =  { name = "Viruni"  plural = "Viruni"  home_planet = "Viruni"  home_system = "Viruni"  name_list = HUM4 }
	visburgi =  { name = "Visburgi"  plural = "Visburgi"  home_planet = "Visburgi"  home_system = "Visburgi"  name_list = HUM4 }
	visigoths =  { name = "Visigoths"  plural = "Visigoths"  home_planet = "Visigoths"  home_system = "Visigoths"  name_list = HUM4 }
	vispi =  { name = "Vispi"  plural = "Vispi"  home_planet = "Vispi"  home_system = "Vispi"  name_list = HUM4 }
	zumi =  { name = "Zumi"  plural = "Zumi"  home_planet = "Zumi"  home_system = "Zumi"  name_list = HUM4 }
}

HUM5 = {
	luba = { name = Luba plural = Luba home_planet = Luba home_system = Luba name_list = "HUM5" } 
	mongo = { name = Mongo plural = Mongo home_planet = Mongo home_system = Mongo name_list = "HUM5" } 
	kongo = { name = Kongo plural = Kongo home_planet = Kongo home_system = Kongo name_list = "HUM5" } 
	kanuri = { name = Kanuri plural = Kanuri home_planet = Kanuri home_system = Kanuri name_list = "HUM5" } 
	oromo = { name = Oromo plural = Oromo home_planet = Oromo home_system = Oromo name_list = "HUM5" } 
	amhara = { name = Amhara plural = Amhara home_planet = Amhara home_system = Amhara name_list = "HUM5" } 
	somali = { name = Somali plural = Somali home_planet = Somali home_system = Somali name_list = "HUM5" } 
	tigrayan = { name = Tigrayan plural = Tigrayan home_planet = Tigrayan home_system = Tigrayan name_list = "HUM5" } 
	afar = { name = Afar plural = Afar home_planet = Afar home_system = Afar name_list = "HUM5" } 
	hutu = { name = Hutu plural = Hutu home_planet = Hutu home_system = Hutu name_list = "HUM5" } 
	chewa = { name = Chewa plural = Chewa home_planet = Chewa home_system = Chewa name_list = "HUM5" } 
	tswana = { name = Tswana plural = Tswana home_planet = Tswana home_system = Tswana name_list = "HUM5" } 
	shona = { name = Shona plural = Shona home_planet = Shona home_system = Shona name_list = "HUM5" } 
	zulu = { name = Zulu plural = Zulu home_planet = Zulu home_system = Zulu name_list = "HUM5" } 
	xhosa = { name = Xhosa plural = Xhosa home_planet = Xhosa home_system = Xhosa name_list = "HUM5" } 
	sotho = { name = Sotho plural = Sotho home_planet = Sotho home_system = Sotho name_list = "HUM5" } 
	yoruba = { name = Yoruba plural = Yoruba home_planet = Yoruba home_system = Yoruba name_list = "HUM5" } 
	igbo = { name = Igbo plural = Igbo home_planet = Igbo home_system = Igbo name_list = "HUM5" } 
	hausa = { name = Hausa plural = Hausa home_planet = Hausa home_system = Hausa name_list = "HUM5" } 
	akan = { name = Akan plural = Akan home_planet = Akan home_system = Akan name_list = "HUM5" } 
	fula = { name = Fula plural = Fula home_planet = Fula home_system = Fula name_list = "HUM5" } 
}


### AI

AI = {
	ai = {
		name = AI
		plural = AI
		home_planet = "Grid x0y0z0"
		home_system = "UGrid x0y0z0"
		name_list = "AI"
	}
}